{
  "ordered-by-request-quantities": {
    "0206-010824": {
      "kittens": {
        "score": 2443497.08772,
        "time": 20.187,
        "size": 129117
      }
    }
  },
  "endpoint-perspective": {
    "0206-011025": {
      "kittens": {
        "score": 2725835.80534,
        "time": 86.143,
        "size": 120806
      },
      "test": {
        "score": 562500,
        "time": 0.002,
        "size": 221
      },
      "me_at_the_zoo": {
        "score": 252502.05,
        "time": 0.008,
        "size": 1159
      }
    }
  }
}