{
  "cache-server-perspective": {
    "0206-103030": {
      "test": {
        "score": 562500,
        "time": 0.002,
        "size": 275
      },
      "me_at_the_zoo": {
        "score": 228727.15,
        "time": 0.008,
        "size": 1382
      }
    },
    "0206-114115": {
      "kittens": {
        "score": 391649.576085,
        "time": 1977.315,
        "size": 149495
      },
      "me_at_the_zoo": {
        "score": 228727.15,
        "time": 0.005,
        "size": 1382
      },
      "test": {
        "score": 562500,
        "time": 0.001,
        "size": 275
      },
      "trending_today": {
        "score": 52531.035,
        "time": 47.916,
        "size": 142326
      },
      "videos_worth_spreading": {
        "score": 2423578.51768,
        "time": 3.554,
        "size": 52423
      }
    }
  },
  "endpoint-perspective": {
    "0206-103030": {
      "test": {
        "score": 562500,
        "time": 0.001,
        "size": 221
      },
      "me_at_the_zoo": {
        "score": 260266.29,
        "time": 0.004,
        "size": 1159
      },
      "kittens": {
        "score": 2767286.202385,
        "time": 73.007,
        "size": 120806
      },
      "trending_today": {
        "score": 2502196.56,
        "time": 20.505,
        "size": 144918
      },
      "videos_worth_spreading": {
        "score": 2082863.56438,
        "time": 2.059,
        "size": 52308
      }
    }
  },
  "ordered-by-request-quantities": {
    "0206-103030": {
      "test": {
        "score": 562500,
        "time": 0,
        "size": 221
      },
      "me_at_the_zoo": {
        "score": 190201.9,
        "time": 0.001,
        "size": 1046
      },
      "kittens": {
        "score": 2554429.65092,
        "time": 38.192,
        "size": 129117
      },
      "trending_today": {
        "score": 31970.15,
        "time": 7.634,
        "size": 7307
      },
      "videos_worth_spreading": {
        "score": 2062796.48526,
        "time": 1.077,
        "size": 30324
      }
    }
  },
  "cache-server-perspective.mark-addressed-requests": {
    "0206-185919": {
      "test": {
        "score": 0,
        "time": 0.001,
        "size": 194
      },
      "me_at_the_zoo": {
        "score": 25752.13,
        "time": 0.004,
        "size": 734
      },
      "kittens": {
        "score": 4412042.941355,
        "time": 2319.359,
        "size": 120164
      },
      "trending_today": {
        "score": 44.68,
        "time": 46.344,
        "size": 5888
      },
      "videos_worth_spreading": {
        "score": 671630.16874,
        "time": 4.857,
        "size": 51387
      }
    }
  },
  "cache-server-endpoint-hybrid": {
    "0208-113210": {
      "test": {
        "score": 562500,
        "time": 0.007,
        "size": 332
      },
      "me_at_the_zoo": {
        "score": 166520.26,
        "time": 0.018,
        "size": 1540
      },
      "trending_today": {
        "score": 2502510.325,
        "time": 49.292,
        "size": 148541
      },
      "videos_worth_spreading": {
        "score": 2107122.07648,
        "time": 3.978,
        "size": 53833
      },
      "kittens": {
        "score": 3258725.55937,
        "time": 2717.58,
        "size": 141946
      }
    }
  },
  "cache-server-perspective-og": {
    "0208-113210": {
      "test": {
        "score": 562500,
        "time": 0.001,
        "size": 275
      },
      "me_at_the_zoo": {
        "score": 228727.15,
        "time": 0.007,
        "size": 1382
      },
      "trending_today": {
        "score": 52531.035,
        "time": 52.874,
        "size": 142326
      },
      "videos_worth_spreading": {
        "score": 2423578.51768,
        "time": 3.348,
        "size": 52423
      }
    }
  },
  "output": {
    "me_at_the_zoo": {
      "solver": "cache-server-perspective.mark-addressed-requests",
      "version": "0206-185919",
      "magic": "",
      "score": 25752.13
    },
    "trending_today": {
      "solver": "cache-server-endpoint-hybrid",
      "version": "0208-113210",
      "magic": "",
      "score": 2502510.325
    },
    "videos_worth_spreading": {
      "solver": "cache-server-perspective",
      "version": "0206-114115",
      "magic": "",
      "score": 2423578.51768
    },
    "kittens": {
      "solver": "cache-server-perspective.mark-addressed-requests",
      "version": "0206-185919",
      "magic": "",
      "score": 4412042.941355
    }
  }
}